ID,Medicine Name,Composition,Uses,Side_effects,Image URL,Manufacturer,Excellent Review %,Average Review %,Poor Review %,Dosage,Frequency,Start_Date,End_Date,Time_of_Day,Status,Patient Name,Disease,Stock
1,Avastin 400mg Injection,Bevacizumab (400mg), Cancer of colon and rectum Non-small cell lung cancer Kidney cancer Brain tumor Ovarian cancer Cervical cancer,Rectal bleeding Taste change Headache Nosebleeds Back pain Dry skin High blood pressure Protein in urine Inflammation of the nose,"https://onemg.gumlet.io/l_watermark_346,w_480,h_480/a_ignore,w_480,h_480,c_fit,q_auto,f_auto/f5a26c491e4d48199ab116a69a969be3.jpg",Roche Products India Pvt Ltd,22,56,22,1 Injection (400mg),Once daily,22/09/2025,07/10/2025,"Morning, Night",Upcoming,Ali Khan, Cancer of colon and rectum Non-small cell lung cancer Kidney cancer Brain tumor Ovarian cancer Cervical cancer,11
2,Augmentin 625 Duo Tablet,Amoxycillin  (500mg) +  Clavulanic Acid (125mg),Treatment of Bacterial infections,Vomiting Nausea Diarrhea Mucocutaneous candidiasis,"https://onemg.gumlet.io/l_watermark_346,w_480,h_480/a_ignore,w_480,h_480,c_fit,q_auto,f_auto/wy2y9bdipmh6rgkrj0zm.jpg",Glaxo SmithKline Pharmaceuticals Ltd,47,35,18,2 Tablets (250mg each),Weekly,23/09/2025,28/09/2025,Night,Missed,Sara Malik,Bacterial infections,24
3,Azithral 500 Tablet,Azithromycin (500mg),Treatment of Bacterial infections,Nausea Abdominal pain Diarrhea,"https://onemg.gumlet.io/l_watermark_346,w_480,h_480/a_ignore,w_480,h_480,c_fit,q_auto,f_auto/cropped/kqkouvaqejbyk47dvjfu.jpg",Alembic Pharmaceuticals Ltd,39,40,21,1 Injection (400mg),Weekly,23/09/2025,06/10/2025,"Morning, Afternoon, Night",Missed,Hassan Raza,Bacterial infections,19
4,Ascoril LS Syrup,Ambroxol (30mg/5ml) + Levosalbutamol (1mg/5ml) + Guaifenesin (50mg/5ml),Treatment of Cough with mucus,Nausea Vomiting Diarrhea Upset stomach Stomach pain Allergic reaction Dizziness Headache Rash Hives Tremors Palpitations Muscle cramp Increased heart rate,"https://onemg.gumlet.io/l_watermark_346,w_480,h_480/a_ignore,w_480,h_480,c_fit,q_auto,f_auto/3205599cc49d4073ae66cbb0dbfded86.jpg",Glenmark Pharmaceuticals Ltd,24,41,35,2 Tablets (250mg each),Weekly,23/09/2025,30/09/2025,Night,Taken,Ayesha Ahmed,Cough with mucus,15
5,Aciloc 150 Tablet,Ranitidine (150mg),Treatment of Gastroesophageal reflux disease (Acid reflux)Treatment of Peptic ulcer disease,Headache Diarrhea Gastrointestinal disturbance,"https://onemg.gumlet.io/l_watermark_346,w_480,h_480/a_ignore,w_480,h_480,c_fit,q_auto,f_auto/cropped/pn7apngctvrtweencwi1.jpg",Cadila Pharmaceuticals Ltd,34,37,29,1 Tablet (500mg),Weekly,25/09/2025,03/10/2025,Morning,Missed,Bilal Hussain,Gastroesophageal reflux disease (Acid reflux)Peptic ulcer disease,12
6,Allegra 120mg Tablet,Fexofenadine (120mg),Treatment of Sneezing and runny nose due to allergiesTreatment of Allergic conditions,Headache Drowsiness Dizziness Nausea,"https://onemg.gumlet.io/l_watermark_346,w_480,h_480/a_ignore,w_480,h_480,c_fit,q_auto,f_auto/fa7427131ec64163b5bbafb529df0736.jpg",Sanofi India Ltd,35,42,23,2 Tablets (250mg each),Weekly,23/09/2025,07/10/2025,"Morning, Night",Upcoming,Fatima Noor,Sneezing and runny nose due to allergiesAllergic conditions,25
7,Avil 25 Tablet,Pheniramine (25mg),Treatment of Allergic conditionsTreatment of Respiratory disease with excessive mucusTreatment of Skin conditions with inflammation & itchingTreatment and prevention of Meniere's disease,Sedation,"https://onemg.gumlet.io/l_watermark_346,w_480,h_480/a_ignore,w_480,h_480,c_fit,q_auto,f_auto/cropped/mmsye6bf97tkcocat24j.jpg",Sanofi India Ltd,40,34,26,1 Injection (400mg),Twice daily,24/09/2025,07/10/2025,Morning,Missed,Usman Tariq,Allergic conditionsRespiratory disease with excessive mucusSkin conditions with inflammation & itchingTreatment and prevention of Meniere's disease,11
8,Aricep 5 Tablet,Donepezil (5mg), Alzheimer's disease,Common cold Urinary incontinence Rash Nausea Diarrhea Insomnia difficulty in sleeping Weight loss Accidental injury,"https://onemg.gumlet.io/l_watermark_346,w_480,h_480/a_ignore,w_480,h_480,c_fit,q_auto,f_auto/d7ojjdaw2gsm5sie1glu.jpg",Eisai Pharmaceuticals India Pvt Ltd,43,28,29,1 Injection (400mg),Once every 2 days,20/09/2025,25/09/2025,Afternoon,Missed,Zara Sheikh, Alzheimer's disease,30
9,Amoxyclav 625 Tablet,Amoxycillin  (500mg) +  Clavulanic Acid (125mg),Treatment of Bacterial infections,Vomiting Nausea Diarrhea Mucocutaneous candidiasis,"https://onemg.gumlet.io/l_watermark_346,w_480,h_480/a_ignore,w_480,h_480,c_fit,q_auto,f_auto/acaa6608e016456f9cafcca2156ad3de.jpg",Abbott,36,43,21,1 Tablet (625mg),Once every 2 days,22/09/2025,04/10/2025,Morning,Upcoming,Hamza Iqbal,Bacterial infections,23
10,Atarax 25mg Tablet,Hydroxyzine (25mg),Treatment of AnxietyTreatment of Skin conditions with inflammation & itching,Sedation Nausea Vomiting Upset stomach Constipation,"https://onemg.gumlet.io/l_watermark_346,w_480,h_480/a_ignore,w_480,h_480,c_fit,q_auto,f_auto/cropped/v9py58kciridvbi7bqls.jpg",Dr Reddy's Laboratories Ltd,35,41,24,1 Tablet (625mg),Thrice daily,25/09/2025,04/10/2025,"Morning, Afternoon, Night",Taken,Mariam Siddiqui,AnxietySkin conditions with inflammation & itching,27
11,Azee 500 Tablet,Azithromycin (500mg),Treatment of Bacterial infections,Nausea Abdominal pain Diarrhea,"https://onemg.gumlet.io/l_watermark_346,w_480,h_480/a_ignore,w_480,h_480,c_fit,q_auto,f_auto/cropped/jbpnjvst3ph0xnrq199o.jpg",Cipla Ltd,37,38,25,2 Tablets (250mg each),Once daily,21/09/2025,26/09/2025,Night,Missed,Imran Ali,Bacterial infections,15
12,Anovate Cream,Phenylephrine (0.10% w/w) + Beclometasone (0.025% w/w) + Lidocaine (2.50% w/w),Treatment of Piles,Application site reactions burning irritation itching and redness,"https://onemg.gumlet.io/l_watermark_346,w_480,h_480/a_ignore,w_480,h_480,c_fit,q_auto,f_auto/cropped/gnsem6ircqxmwmjkprkw.jpg",USV Ltd,26,43,31,1 Capsule (200mg),Thrice daily,20/09/2025,01/10/2025,"Morning, Afternoon, Night",Taken,Nida Chaudhry,Piles,15
13,Allegra-M Tablet,Montelukast (10mg) + Fexofenadine (120mg),Treatment of Sneezing and runny nose due to allergies,Nausea Diarrhea Vomiting Skin rash Flu like symptoms Headache Drowsiness Dizziness,"https://onemg.gumlet.io/l_watermark_346,w_480,h_480/a_ignore,w_480,h_480,c_fit,q_auto,f_auto/cropped/eh4vt8l9fuo4nvx3qwif.jpg",Sanofi India Ltd,38,44,18,1 Tablet (625mg),Weekly,21/09/2025,02/10/2025,Night,Upcoming,Ahmed Faraz,Sneezing and runny nose due to allergies,28
14,Ascoril D Plus Syrup Sugar Free,Phenylephrine (5mg) + Chlorpheniramine Maleate (2mg) + Dextromethorphan Hydrobromide (10mg),Treatment of Dry cough,Nausea Vomiting Loss of appetite Headache,"https://onemg.gumlet.io/l_watermark_346,w_480,h_480/a_ignore,w_480,h_480,c_fit,q_auto,f_auto/9fe5ed4f4fce4eaea6588d2ce60115ec.jpg",Glenmark Pharmaceuticals Ltd,31,44,25,5ml Syrup,Thrice daily,24/09/2025,02/10/2025,Afternoon,Taken,Sana Javed,Dry cough,25
15,Alex Syrup,Phenylephrine (5mg/5ml) + Chlorpheniramine Maleate (2mg/5ml) + Dextromethorphan Hydrobromide (10mg/5ml),Treatment of Dry cough,Nausea Vomiting Loss of appetite Headache,"https://onemg.gumlet.io/l_watermark_346,w_480,h_480/a_ignore,w_480,h_480,c_fit,q_auto,f_auto/mqdfwomjrjv3lvlq08ae.jpg",Glenmark Pharmaceuticals Ltd,26,43,31,2 Tablets (250mg each),Twice daily,21/09/2025,26/09/2025,Night,Upcoming,Kashif Mehmood,Dry cough,8
16,Armotraz Tablet,Anastrozole (1mg), Breast cancer,Hot flashes Nausea Osteoporosis Skin rash Weakness,"https://onemg.gumlet.io/l_watermark_346,w_480,h_480/a_ignore,w_480,h_480,c_fit,q_auto,f_auto/cropped/sytnbc3dtkhxddk5smxs.jpg",Cipla Ltd,48,27,25,5ml Syrup,Thrice daily,24/09/2025,09/10/2025,"Morning, Afternoon, Night",Upcoming,Hira Khan, Breast cancer,12
17,Augmentin Duo Oral Suspension,Amoxycillin  (200mg) +  Clavulanic Acid (28.5mg),Treatment of Resistance Tuberculosis (TB)Treatment of Bacterial infections,Abdominal pain Allergy Vomiting Nausea Diarrhea Mucocutaneous candidiasis,"https://onemg.gumlet.io/l_watermark_346,w_480,h_480/a_ignore,w_480,h_480,c_fit,q_auto,f_auto/cropped/hg4gkjmjrg9956tqtmoz.jpg",Glaxo SmithKline Pharmaceuticals Ltd,40,46,14,1 Tablet (625mg),Once every 2 days,24/09/2025,07/10/2025,"Morning, Night",Taken,Omar Zafar,Resistance Tuberculosis (TB)Bacterial infections,28
18,Albendazole 400mg Tablet,Albendazole (400mg),Treatment of Parasitic infections,Vomiting Dizziness Increased liver enzymes Nausea Loss of appetite,"https://onemg.gumlet.io/l_watermark_346,w_480,h_480/a_ignore,w_480,h_480,c_fit,q_auto,f_auto/c3f704ec89504863915d4433a19d0014.jpg",Cadila Pharmaceuticals Ltd,42,35,23,1 Capsule (200mg),Weekly,20/09/2025,03/10/2025,"Morning, Night",Taken,Laiba Ansari,Parasitic infections,7
19,Arkamin Tablet,Clonidine (100mcg),Treatment of Hypertension (high blood pressure),Dryness in mouth Fatigue Dizziness Headache Nausea Sleepiness Insomnia difficulty in sleeping,"https://onemg.gumlet.io/l_watermark_346,w_480,h_480/a_ignore,w_480,h_480,c_fit,q_auto,f_auto/cropped/kvdgswy8eyzkwmulwlyf.jpg",Torrent Pharmaceuticals Ltd,33,42,25,1 Tablet (500mg),Once every 2 days,24/09/2025,01/10/2025,"Morning, Afternoon, Night",Missed,Shahzaib Malik,Hypertension (high blood pressure),26
20,Allegra 180mg Tablet,Fexofenadine (180mg),Treatment of Sneezing and runny nose due to allergiesTreatment of Allergic conditions,Headache Drowsiness Dizziness Nausea,"https://onemg.gumlet.io/l_watermark_346,w_480,h_480/a_ignore,w_480,h_480,c_fit,q_auto,f_auto/6103f02e6df148fda2a8fd6e87008179.jpg",Sanofi India Ltd,38,42,20,10ml Syrup,Once daily,23/09/2025,03/10/2025,"Morning, Night",Upcoming,Mehwish Akhtar,Sneezing and runny nose due to allergiesAllergic conditions,25
21,Altraday Capsule SR,Aceclofenac (200mg) + Rabeprazole (20mg), Pain relief,Nausea Flatulence Indigestion Diarrhea Constipation,"https://onemg.gumlet.io/l_watermark_346,w_480,h_480/a_ignore,w_480,h_480,c_fit,q_auto,f_auto/cropped/ahmbxmi2bd1wiojpxqld.jpg",Sun Pharmaceutical Industries Ltd,32,46,22,1 Capsule (200mg),Twice daily,22/09/2025,27/09/2025,Night,Missed,Asad Rehman, Pain relief,6
22,Atarax 10mg Tablet,Hydroxyzine (10mg),Treatment of AnxietyTreatment of Skin conditions with inflammation & itching,Sedation Nausea Vomiting Upset stomach Constipation,"https://onemg.gumlet.io/l_watermark_346,w_480,h_480/a_ignore,w_480,h_480,c_fit,q_auto,f_auto/78d80a6bca96417f83c6d38c5c140c0b.jpg",Dr Reddy's Laboratories Ltd,29,36,35,10ml Syrup,Once daily,25/09/2025,10/10/2025,Morning,Upcoming,Mona Yousaf,AnxietySkin conditions with inflammation & itching,28
23,Aldigesic-SP Tablet,Aceclofenac (100mg) + Paracetamol (325mg) + Serratiopeptidase (10mg), Pain relief,Nausea Vomiting Stomach pain Indigestion Heartburn Loss of appetite Diarrhea,"https://onemg.gumlet.io/l_watermark_346,w_480,h_480/a_ignore,w_480,h_480,c_fit,q_auto,f_auto/86cc6259fcc8462f876cdeb85d9aa87d.jpg",Alkem Laboratories Ltd,24,41,35,1 Tablet (625mg),Twice daily,20/09/2025,30/09/2025,Afternoon,Missed,Farhan Qureshi, Pain relief,16
24,Aldactone Tablet,Spironolactone (25mg), Hypertension (high blood pressure) Edema Low potassium Heart failure,Nausea Vomiting Leg cramps Dizziness Drowsiness Confusion Breast enlargement in male Increased creatinine level in blood,"https://onemg.gumlet.io/l_watermark_346,w_480,h_480/a_ignore,w_480,h_480,c_fit,q_auto,f_auto/cropped/thkgrdicoq6adxgpwu2e.jpg",RPG Life Sciences Ltd,27,45,28,1 Injection (400mg),Twice daily,23/09/2025,04/10/2025,Night,Upcoming,Zainab Khalid, Hypertension (high blood pressure) Edema Low potassium Heart failure,10
25,Aricep 10 Tablet,Donepezil (10mg), Alzheimer's disease,Common cold Urinary incontinence Rash Nausea Diarrhea Insomnia difficulty in sleeping Weight loss Accidental injury,"https://onemg.gumlet.io/l_watermark_346,w_480,h_480/a_ignore,w_480,h_480,c_fit,q_auto,f_auto/fgnxl4znhmpzu2r0mals.jpg",Eisai Pharmaceuticals India Pvt Ltd,0,0,100,1 Tablet (625mg),Once daily,25/09/2025,05/10/2025,"Morning, Afternoon, Night",Missed,Saad Anwar, Alzheimer's disease,6
26,Aricep-M  Tablet,Donepezil (5mg) + Memantine (5mg), Alzheimer's disease,Nausea Vomiting Loss of appetite Diarrhea Headache Dizziness Bleeding under the skin,"https://onemg.gumlet.io/l_watermark_346,w_480,h_480/a_ignore,w_480,h_480,c_fit,q_auto,f_auto/a458dc3089a64183962fe107b20f3481.jpg",Eisai Pharmaceuticals India Pvt Ltd,17,41,42,5ml Syrup,Weekly,24/09/2025,01/10/2025,"Morning, Night",Missed,Rabia Gul, Alzheimer's disease,25
27,Andre I-Kul Eye Drop,Camphor (0.01% w/v) + Menthol (0.005% w/v) + Naphazoline (0.05% w/v) + Phenylephrine (0.12% w/v),Treatment of Allergic eye disease,Eye pain Eye irritation Stinging in the eyes Blurred vision Photophobia,"https://onemg.gumlet.io/l_watermark_346,w_480,h_480/a_ignore,w_480,h_480,c_fit,q_auto,f_auto/0d82813d035349cea0c99da3fd52469d.jpg",Intas Pharmaceuticals Ltd,54,31,15,1 Injection (400mg),Once every 2 days,23/09/2025,03/10/2025,"Morning, Afternoon, Night",Upcoming,Tahir Shah,Allergic eye disease,5
28,Anafortan 25 mg/300 mg Tablet,Camylofin (25mg) + Paracetamol (300mg),Treatment of Abdominal pain,Dryness in mouth Constipation Blurred vision Increased heart rate,"https://onemg.gumlet.io/l_watermark_346,w_480,h_480/a_ignore,w_480,h_480,c_fit,q_auto,f_auto/4424607f37424d51b2aac2c9d8b18ecd.jpg",Abbott,42,35,23,5ml Syrup,Twice daily,24/09/2025,04/10/2025,"Morning, Night",Missed,Bushra Naveed,Abdominal pain,16
29,Atarax Syrup,Hydroxyzine (10mg),Treatment of AnxietyTreatment of Skin conditions with inflammation & itching,Sedation Nausea Vomiting Upset stomach Constipation,"https://onemg.gumlet.io/l_watermark_346,w_480,h_480/a_ignore,w_480,h_480,c_fit,q_auto,f_auto/cropped/ktaklgpxpq94qk1tfffg.jpg",Dr Reddy's Laboratories Ltd,23,53,24,2 Tablets (250mg each),Thrice daily,23/09/2025,30/09/2025,Afternoon,Taken,Adeel Akram,AnxietySkin conditions with inflammation & itching,30
30,Ambrodil-S Syrup,Ambroxol (15mg/5ml) + Salbutamol (1mg/5ml),Treatment of Cough,Headache Palpitations Upset stomach Tremors Muscle cramp Allergic reaction Increased heart rate,"https://onemg.gumlet.io/l_watermark_346,w_480,h_480/a_ignore,w_480,h_480,c_fit,q_auto,f_auto/c25660f6b3f2447ea4666a0780982a3f.jpg",Aristo Pharmaceuticals Pvt Ltd,30,46,24,1 Tablet (625mg),Once every 2 days,24/09/2025,09/10/2025,Night,Upcoming,Iqra Noman,Cough,26
